{"priors": {"1": 0.5714285714285714, "0": 0.42857142857142855}, "likelihoods": {"Day": {